file	sourceOffset	nameRaw	worldVertFormatByte	bytes05_07	bytes05_07_hex	firstSixTechniqueCells
mp_boneyard_load.ff	0x5c	0xffffffff	0x00	0x00 0x00 0x00	000000	0x00000000 0x00000000 0x00000000 0x00000000 0xffffffff 0x00000000
common_mp.ff	0x19a39	0xffffffff	0x00	0x00 0x00 0x00	000000	0x00000000 0x00000000 0x00000000 0x00000000 0x00000000 0x00000000
patch_mp.ff	0xea0	0xffffffff	0x00	0x00 0x00 0x00	000000	0x00000000 0x00000000 0x00000000 0x00000000 0x00000000 0x00000000
patch_mp.ff	0x15ffb1	0xffffffff	0x00	0x00 0x00 0x00	000000	0x00000000 0x00000000 0x00000000 0x00000000 0x00000000 0x00000000
patch_mp.ff	0x160060	0xffffffff	0x00	0x00 0x00 0x00	000000	0x00000000 0x00000000 0x00000000 0x00000000 0x00000000 0x00000000
patch_mp.ff	0x160110	0xffffffff	0x00	0x00 0x00 0x00	000000	0x00000000 0x00000000 0x00000000 0x00000000 0x00000000 0x00000000
patch_mp.ff	0x1601bd	0xffffffff	0x00	0x00 0x00 0x00	000000	0x00000000 0x00000000 0x00000000 0x00000000 0x00000000 0x00000000
patch_mp.ff	0x160274	0xffffffff	0x00	0x00 0x00 0x00	000000	0x00000000 0x00000000 0x00000000 0x00000000 0x00000000 0x00000000
patch_mp.ff	0x16032b	0xffffffff	0x00	0x00 0x00 0x00	000000	0x00000000 0x00000000 0x00000000 0x00000000 0x00000000 0x00000000
patch_mp.ff	0x1603de	0xffffffff	0x00	0x00 0x00 0x00	000000	0x00000000 0x00000000 0x00000000 0x00000000 0x00000000 0x00000000
patch_mp.ff	0x16048c	0xffffffff	0x00	0x00 0x00 0x00	000000	0x00000000 0x00000000 0x00000000 0x00000000 0x00000000 0x00000000
patch_mp.ff	0x16053d	0xffffffff	0x00	0x00 0x00 0x00	000000	0x00000000 0x00000000 0x00000000 0x00000000 0x00000000 0x00000000
patch_mp.ff	0x1605ec	0xffffffff	0x00	0x00 0x00 0x00	000000	0x00000000 0x00000000 0x00000000 0x00000000 0x00000000 0x00000000
patch_mp.ff	0x1637b2	0xffffffff	0x00	0x00 0x00 0x00	000000	0x00000000 0x00000000 0x00000000 0x00000000 0x00000000 0x00000000
patch_mp.ff	0x16385e	0xffffffff	0x00	0x00 0x00 0x00	000000	0x00000000 0x00000000 0x00000000 0x00000000 0x00000000 0x00000000
patch_mp.ff	0x163915	0xffffffff	0x00	0x00 0x00 0x00	000000	0x00000000 0x00000000 0x00000000 0x00000000 0x00000000 0x00000000
patch_mp.ff	0x1639d0	0xffffffff	0x00	0x00 0x00 0x00	000000	0x00000000 0x00000000 0x00000000 0x00000000 0x00000000 0x00000000
patch_mp.ff	0x163a7a	0xffffffff	0x00	0x00 0x00 0x00	000000	0x00000000 0x00000000 0x00000000 0x00000000 0x00000000 0x00000000
